"","newstitle","newspapername"
"1","국민의힘 서울시장 후보에 오세훈 선출..부산시장 후보 박형준(2보)","뉴스1"
"2","""운동 좀 하세요""..몸에 나타나는 경고 증상 5","코메디닷컴"
"3","'혼쭐 아닌 돈쭐' 치킨집..""엄청 울었다"" 또 감사 표시한 학생","매일경제"
"4","나경원, 당내 서울시장 경선 '충격패'..왜 국민의 선택 못 받을까","머니투데이"
"5","유승민 ""文대통령·이재명, 오거돈 일가 투기 의혹은 왜 말이 없나""","헤럴드경제"
"6","뛰다 갑자기 무릎 꿇은 정인이 양부..""살려달라"" 오열","국민일보"
"7","KTX 햄버거 승객 ""그날 행동 반성"" 사과했지만..결국 고소당했다","머니투데이"
"8","'땅 투기 의혹' LH 직원들 ""부동산 투자하지 말란 법 있나""(종합)","서울신문"
"9","흰머리 뽑으면, 더 많이 난다?..흰머리에 대한 '알쓸신잡'","시사저널"
"10","'4년째 유임' 김미리 판사, 조국 사건 재판장 또 맡아","연합뉴스"
"11","물린 건 '진돗개'였다, 소형견이 아니라","머니투데이"
"12","근무 중 상습 골프 경기 공무원..초과근무 찍고 79차례 '굿샷'","뉴스1"
"13","남성, 앉아서 소변 보기.. 좋을까, 나쁠까?","헬스조선"
"14","LH, 직원 투기 의혹 대국민 사과..""큰 충격과 실망 드려 사죄""","뉴시스"
"15","진중권, 임은정 페북에 댓글 ""한명숙 대변에 향수 뿌리는 꼴""","조선일보"
"16","화성 유인 우주선 '스타십' 착륙 후 폭발..""화성 가기 힘드네""","지디넷코리아"
"17","""코로나에 취약한 혈액형은 A형""..잘 안걸리는 혈액형은?","한국경제"
"18","역대 대통령 레임덕 신호, 文대통령과 비교해봤더니","시사저널"
"19","지금 가장 맛있는 수산물, 3월엔 알이 '가득'","헬스조선"
"20","2,000억 포기하고 고객 쉼터 되자..'더 현대 서울' '잭팟' 터졌다","서울경제"
"21","김현아 ""그들은 대담했다.. LH 직원 본인 명의 뿐일까?""","노컷뉴스"
"22","A혈액형이 코로나19에 더 취약한 이유(연구)","코메디닷컴"
"23","[최강시사] 이연주 ""윤석열 총장, 정치행보 위해 정부 대립각 세우며 주목받으려 해""","KBS"
"24","앉은 자리에서 1분만 일어나도 '놀라운' 효과가!","헬스조선"
"25","[친절한 대기자]윤석열, 정말 오늘 사퇴할까?","노컷뉴스"
"26","청도서 백신 접종 50대 쇼크..경북 첫 중증 반응","연합뉴스"
"27","[단독]윤석열측 ""尹총장, 이르면 4일 사의 표명할 듯""","동아일보"
"28","나경원 꺾은 오세훈..""반드시 단일화 해 정권심판""","노컷뉴스"
"29","삼성 이어 SK하이닉스도 돈다발 들고 찾는 ASML..반도체 미세공정 필수 EUV 뭐길래","조선비즈"
"30","""우리 아빠 누군지 알아?""..시간이 흘러도 사라지지 않는 말","머니투데이"
"31","결국 무관심 속에.. '성전환 후 강제전역' 변희수, 숨진 지 수일 지나 발견","세계일보"
"32","제주서 달리던 쓰레기수거차량 적재함서 불..119 긴급 진화","뉴시스"
"33","아직 인스타 해? 대세는 '메타버스'..Z세대 놀이터 된 가상현실 [장가희 기자의 뉴스픽]","SBS Biz"
"34","[황출새]김기현""정세균, 윤석열 정치한다고? 총리 본인은 안 하나?""","YTN"
"35","'아이폰SE'에 놀란 삼성..갤럭시폰 가격 내리고 스펙 올린다","한국경제"
"36","남미 오징어 씨 마를라..싹쓸이 조업 중인 수많은 中어선 포착","서울신문"
"37","[현장영상] 정 총리 ""백신 접종 한 달 되는 3월 말, 4월 초 4차 유행 경고""","YTN"
"38","홍준표 ""윤석열, 직을 걸려면 文 관여 사건 수사에 걸라""","뉴시스"
"39","박영선의 '입'은 오세훈 이긴 고민정..현역의원만 41명 '메머드급 캠프'","헤럴드경제"
"40","'헛다리' 전수조사..1만명 LH직원 일부만 조사 ""토지몰수 어렵다""","머니투데이"
"41","""유니폼 입은 청소부는 집에 가면 귀한 아내, 귀한 엄마입니다""","프레시안"
"42","[단독] 가게 폐업 자식 빚 떠안고 술 취한 아들에 맞아 숨져.. 학대당하는 노년의 苦生","서울신문"
"43","갑자기 교도소에서 군 복무를 하라고?","오마이뉴스"
"44","성 전환 후 전역조치된 변희수 전 하사, 숨진채 발견(2보)","아시아경제"
"45","남한강에 최초로 세워지는 '515m 신륵사 출렁다리' 첫 삽 떴다","뉴스1"
"46","김종인, '정계진출설' 윤석열 ""자연인 돼서 보자면 볼 수도""","연합뉴스"
"47","차 긁은 폐지 노인 그냥 보내준 뒤..통 크게 보답 받은 사연","머니투데이"
"48","대구경북 대학들 신입생 무더기 감소..국립대도 미달","뉴스1"
"49","""여성 2명 살해 맞지만""..'사형 구형' 최신종 최후진술","국민일보"
"50","[속보] 오세훈, 나경원 꺾고 국민의힘 서울시장 최종후보 선출","데일리안"
